{"qgmKiEjNbhcz3x91ePDgkQ==":"bhtpa-logo180-180x60.png","fyZErQeXpBWNOd54wEAUww==":"bangbandhu-2-400x400.jpg","iP94Wy3IIGVwVRlqlECivw==":"sajeeb_wazed_joy_(1)_(cropped)-1200x1337.jpeg","48DJLeb+LOwAbj4Tgn9/lg==":"mbr-1736x868.jpg","UDAEkea/IIm6oH16E6Mj5Q==":"bhtpa-1388x876.jpg","ftve8fX0mkP7G2F4LvEd2w==":"mbr-1736x1157.jpg","q5gFbxce8Dv9ZZrWkfATMg==":"gdp-growth-rate-of-bangladesh-630x290.png","+w2rrB9UGrOHeykLfhtYGg==":"voyage12.jpg","gTgIIBl+KMeumUlkcZHQiw==":"mbr-696x439.png","h3IS3jpjN/eV1UAIcQhgsQ==":"mbr-696x464.jpg","710ZTKNnfavCg33cAzDE8Q==":"mbr-696x522.jpg","2xbWWsE9a45cVYQ+p8uavw==":"background.jpg","EBg18PhibodCXdg06VgDDg==":"background12.jpg","tah/qgwfgMhIcHKbk0RH+w==":"background3.jpg","aJJ2Uj6JWi/OkRNsYheLLw==":"38.jpg"}